{"cameraMode":{"drawMode":0,"name":"Shaded","section":"Shading Mode"},"sceneLighting":true,"audioPlay":false,"sceneViewState":{"m_AlwaysRefresh":false,"showFog":true,"showSkybox":true,"showFlares":true,"showImageEffects":true,"showParticleSystems":true,"showVisualEffectGraphs":true,"m_FxEnabled":true},"in2DMode":false,"pivot":{"x":0.04856300354003906,"y":0.03959083557128906,"z":-0.07629871368408203},"rotation":{"x":-0.1732109934091568,"y":0.049317602068185809,"z":-0.008684570901095868,"w":-0.9836124777793884},"size":9.511362075805664,"orthographic":false}